,Year,Country Name,GDP Growth (%),GDP per capita (US$),GDP per capita growth (%),Inflation (%),Unemployment (%),Health expenditure (% of GDP),Life expectancy (years),Population,HDI,Status
0,1995,Norway,4.15,34875.2,3.61,2.46,6.31,7.72,77.74,4359184,0.883,Developed
10,1996,Norway,5.03,37321.44,4.5,1.26,5.04,7.67,78.15,4381336,0.888,Developed
20,1997,Norway,5.28,36628.52,4.72,2.58,4.69,8.24,78.14,4405157,0.895,Developed
30,1998,Norway,2.62,34788.78,2.02,2.26,3.74,9.07,78.33,4431464,0.906,Developed
40,1999,Norway,2.01,36371.4,1.32,2.33,3.25,9.14,78.28,4461913,0.911,Developed
50,2000,Norway,3.21,38146.72,2.54,3.09,3.46,8.27,78.63,4490967,0.917,Developed
60,2001,Norway,2.09,38549.59,1.57,3.02,3.74,8.65,78.79,4513751,0.916,Developed
70,2002,Norway,1.44,43061.15,0.89,1.29,4.02,9.62,78.99,4538159,0.918,Developed
80,2003,Norway,0.92,50111.65,0.33,2.48,4.22,9.85,79.39,4564855,0.924,Developed
90,2004,Norway,3.96,57570.27,3.35,0.47,4.26,9.44,79.84,4591910,0.929,Developed
100,2005,Norway,2.62,66775.39,1.93,1.52,4.38,8.89,80.04,4623291,0.931,Developed
110,2006,Norway,2.4,74114.7,1.57,2.33,3.4,8.43,80.34,4660677,0.934,Developed
120,2007,Norway,2.93,85128.66,1.87,0.73,2.49,8.58,80.4,4709153,0.936,Developed
130,2008,Norway,0.38,96880.51,-0.86,3.77,2.55,8.4,80.59,4768212,0.936,Developed
140,2009,Norway,-1.62,80017.78,-2.86,2.17,3.1,9.49,80.8,4828726,0.936,Developed
150,2010,Norway,0.6,87646.75,-0.64,2.4,3.52,9.26,81.0,4889252,0.939,Developed
160,2011,Norway,0.97,100574.99,-0.33,1.3,3.21,9.14,81.3,4953088,0.941,Developed
170,2012,Norway,2.75,101563.7,1.41,0.71,3.12,9.16,81.45,5018573,0.942,Developed
180,2013,Norway,1.0,102910.44,-0.22,2.13,3.42,9.39,81.75,5079623,0.945,Developed
190,2014,Norway,1.92,97005.5,0.78,2.03,3.48,9.72,82.1,5137232,0.948,Developed
200,2015,Norway,1.61,74505.25,0.6,2.17,4.3,9.56,82.1,5188607,0.949,Developed
1,1995,Australia,3.89,20384.67,2.64,4.64,8.47,7.26,77.83,18072000,0.885,Developed
11,1996,Australia,3.95,21944.16,2.59,2.61,8.51,7.44,78.08,18311000,0.888,Developed
21,1997,Australia,3.95,23551.22,2.79,0.25,8.36,7.5,78.48,18517000,0.891,Developed
31,1998,Australia,4.44,21365.98,3.36,0.85,7.68,7.66,78.63,18711000,0.894,Developed
41,1999,Australia,5.01,20561.48,3.81,1.47,6.87,7.79,78.93,18926000,0.897,Developed
51,2000,Australia,3.87,21690.92,2.64,4.48,6.28,8.08,79.23,19153000,0.899,Developed
61,2001,Australia,1.93,19517.84,0.56,4.38,6.74,8.18,79.63,19413000,0.902,Developed
71,2002,Australia,3.85,20081.82,2.59,3.0,6.37,8.39,79.94,19651400,0.905,Developed
81,2003,Australia,3.07,23465.39,1.8,2.77,5.93,8.32,80.24,19895400,0.908,Developed
91,2004,Australia,4.15,30472.38,2.95,2.34,5.39,8.57,80.49,20127400,0.91,Developed
101,2005,Australia,3.2,34016.71,1.85,2.67,5.03,8.45,80.84,20394800,0.915,Developed
111,2006,Australia,2.98,36118.28,1.47,3.54,4.78,8.49,81.04,20697900,0.918,Developed
121,2007,Australia,3.75,40991.98,3.1,2.33,4.38,8.53,81.29,20827600,0.921,Developed
131,2008,Australia,3.7,49664.69,1.64,4.35,4.23,8.78,81.4,21249200,0.925,Developed
141,2009,Australia,1.81,42743.0,-0.26,1.82,5.56,9.05,81.54,21691700,0.927,Developed
151,2010,Australia,2.01,51874.08,0.43,2.85,5.21,9.02,81.7,22031750,0.927,Developed
161,2011,Australia,2.37,62245.1,0.96,3.3,5.08,9.2,81.9,22340024,0.93,Developed
171,2012,Australia,3.63,67677.63,1.86,1.76,5.22,9.36,82.05,22728254,0.933,Developed
181,2013,Australia,2.57,67792.3,0.84,2.45,5.66,9.36,82.15,23117353,0.936,Developed
191,2014,Australia,2.61,62214.61,1.11,2.49,6.07,9.42,82.3,23460694,0.937,Developed
201,2015,Australia,2.42,56554.04,1.01,1.51,6.06,9.62,82.45,23789338,0.939,Developed
2,1995,Germany,1.74,31729.7,1.44,1.72,8.16,9.43,76.42,81678051,0.834,Developed
12,1996,Germany,0.82,30564.25,0.53,1.45,8.82,9.91,76.67,81914831,0.84,Developed
22,1997,Germany,1.85,27045.72,1.7,1.88,9.86,10.03,77.07,82034771,0.845,Developed
32,1998,Germany,1.98,27340.67,1.96,0.94,9.79,10.05,77.48,82047195,0.85,Developed
42,1999,Germany,1.99,26795.99,1.92,0.57,8.85,10.05,77.73,82100243,0.855,Developed
52,2000,Germany,2.96,23718.75,2.82,1.47,7.92,10.1,77.93,82211508,0.86,Developed
62,2001,Germany,1.7,23687.32,1.52,1.98,7.77,10.15,78.33,82349925,0.867,Developed
72,2002,Germany,0.0,25205.16,-0.17,1.42,8.48,10.4,78.23,82488495,0.872,Developed
82,2003,Germany,-0.71,30359.95,-0.76,1.03,9.78,10.62,78.38,82534176,0.877,Developed
92,2004,Germany,1.17,34165.93,1.19,1.67,10.73,10.37,78.68,82516260,0.884,Developed
102,2005,Germany,0.71,34696.62,0.76,1.55,11.17,10.52,78.93,82469422,0.892,Developed
112,2006,Germany,3.7,36447.87,3.82,1.58,10.25,10.34,79.13,82376451,0.898,Developed
122,2007,Germany,3.26,41814.82,3.4,2.3,8.66,10.18,79.53,82266372,0.903,Developed
132,2008,Germany,1.08,45699.2,1.27,2.63,7.53,10.39,79.74,82110097,0.906,Developed
142,2009,Germany,-5.62,41732.71,-5.38,0.31,7.74,11.4,79.84,81902307,0.907,Developed
152,2010,Germany,4.08,41785.56,4.24,1.1,6.97,11.25,79.99,81776930,0.912,Developed
162,2011,Germany,3.66,46810.33,5.6,2.08,5.82,10.93,80.44,80274983,0.916,Developed
172,2012,Germany,0.49,44065.25,0.3,2.01,5.38,10.99,80.54,80425823,0.919,Developed
182,2013,Germany,0.49,46530.91,0.22,1.5,5.23,11.16,80.49,80645605,0.92,Developed
192,2014,Germany,1.6,47902.65,1.17,0.91,4.98,11.3,81.09,80982500,0.924,Developed
202,2015,Germany,1.72,41176.88,0.84,0.23,4.62,11.33,81.09,81686611,0.926,Developed
3,1995,Switzerland,0.48,48540.58,-0.19,1.8,3.33,9.33,78.42,7040687,0.846,Developed
13,1996,Switzerland,0.6,46610.06,0.16,0.82,3.7,9.72,78.9,7071850,0.853,Developed
23,1997,Switzerland,2.31,40429.94,2.07,0.52,4.2,9.67,79.08,7088906,0.863,Developed
33,1998,Switzerland,2.94,41487.69,2.64,0.02,3.6,9.85,79.32,7110001,0.872,Developed
43,1999,Switzerland,1.64,40577.34,1.16,0.82,3.14,10.0,79.58,7143991,0.879,Developed
53,2000,Switzerland,3.95,37813.23,3.36,1.54,2.67,9.91,79.68,7184250,0.888,Developed
63,2001,Switzerland,1.45,38538.64,0.81,0.99,2.49,10.28,80.18,7229854,0.89,Developed
73,2002,Switzerland,0.14,41336.72,-0.61,0.64,2.92,10.61,80.39,7284753,0.889,Developed
83,2003,Switzerland,0.05,47960.56,-0.69,0.64,4.12,10.93,80.54,7339001,0.895,Developed
93,2004,Switzerland,2.84,53255.98,2.14,0.8,4.32,10.96,81.09,7389625,0.899,Developed
103,2005,Switzerland,3.04,54797.55,2.38,1.17,4.44,10.86,81.24,7437115,0.904,Developed
113,2006,Switzerland,4.01,57348.93,3.36,1.06,4.0,10.39,81.49,7483934,0.911,Developed
123,2007,Switzerland,4.14,63223.47,3.21,0.73,3.65,10.21,81.74,7551117,0.914,Developed
133,2008,Switzerland,2.28,72119.56,0.99,2.43,3.35,10.29,81.99,7647675,0.916,Developed
143,2009,Switzerland,-2.13,69672.0,-3.34,-0.48,4.12,11.0,82.04,7743831,0.92,Developed
153,2010,Switzerland,2.95,74276.72,1.89,0.7,4.54,11.07,82.25,7824909,0.932,Developed
163,2011,Switzerland,1.8,87998.44,0.68,0.23,4.04,11.21,82.7,7912398,0.932,Developed
173,2012,Switzerland,1.05,83164.39,-0.02,-0.69,4.19,11.59,82.7,7996861,0.934,Developed
183,2013,Switzerland,1.78,84658.89,0.62,-0.22,4.39,11.71,82.8,8089346,0.936,Developed
193,2014,Switzerland,2.0,85814.59,0.76,-0.01,4.54,11.66,83.2,8188649,0.938,Developed
203,2015,Switzerland,0.84,80989.84,-0.3,-1.14,4.55,11.69,83.2,8282396,0.939,Developed
4,1995,United States,2.72,28782.18,1.5,2.81,5.6,13.09,75.62,266278000,0.877,Developed
14,1996,United States,3.8,30068.23,2.6,2.93,5.4,13.04,76.03,269394000,0.878,Developed
24,1997,United States,4.49,31572.69,3.24,2.34,4.9,12.96,76.43,272657000,0.881,Developed
34,1998,United States,4.45,32949.2,3.24,1.55,4.5,12.99,76.58,275854000,0.884,Developed
44,1999,United States,4.69,34620.93,3.49,2.19,4.2,12.99,76.58,279040000,0.885,Developed
54,2000,United States,4.09,36449.86,2.94,3.38,4.0,13.07,76.64,282162411,0.884,Developed
64,2001,United States,0.98,37273.62,-0.02,2.83,4.7,13.73,76.84,284968955,0.887,Developed
74,2002,United States,1.79,38166.04,0.85,1.59,5.8,14.55,76.94,287625193,0.889,Developed
84,2003,United States,2.81,39677.2,1.93,2.27,6.0,15.06,77.04,290107933,0.892,Developed
94,2004,United States,3.79,41921.81,2.83,2.68,5.5,15.14,77.49,292805298,0.895,Developed
104,2005,United States,3.35,44307.92,2.4,3.39,5.1,15.15,77.49,295516599,0.898,Developed
114,2006,United States,2.67,46437.07,1.68,3.23,4.6,15.27,77.69,298379912,0.901,Developed
124,2007,United States,1.78,48061.54,0.82,2.85,4.6,15.57,77.99,301231207,0.905,Developed
134,2008,United States,-0.29,48401.43,-1.23,3.84,5.8,16.02,78.04,304093966,0.907,Developed
144,2009,United States,-2.78,47001.56,-3.62,-0.36,9.3,17.0,78.39,306771529,0.907,Developed
154,2010,United States,2.53,48373.88,1.68,1.64,9.6,17.02,78.54,309348193,0.91,Developed
164,2011,United States,1.6,49790.67,0.85,3.16,8.9,17.06,78.64,311663358,0.913,Developed
174,2012,United States,2.22,51450.12,1.46,2.07,8.1,17.02,78.74,313998379,0.915,Developed
184,2013,United States,1.68,52787.03,0.97,1.46,7.4,16.9,78.74,316204908,0.916,Developed
194,2014,United States,2.37,54598.55,1.61,1.62,6.2,17.14,78.74,318563456,0.918,Developed
204,2015,United States,2.6,56207.04,1.85,0.12,5.3,17.86,78.74,320896618,0.92,Developed
5,1995,France,2.09,27037.97,1.72,1.78,12.04,10.11,77.75,59541900,0.825,Developed
15,1996,France,1.39,27015.26,1.03,2.0,12.85,10.11,77.95,59753098,0.83,Developed
25,1997,France,2.34,24359.43,1.98,1.22,13.06,9.98,78.3,59964845,0.834,Developed
35,1998,France,3.56,25101.37,3.18,0.6,12.61,9.86,78.6,60186291,0.839,Developed
45,1999,France,3.41,24799.3,2.88,0.53,12.51,9.86,78.76,60496715,0.844,Developed
55,2000,France,3.88,22465.64,3.17,1.7,10.74,9.77,79.06,60912498,0.849,Developed
65,2001,France,1.95,22527.32,1.22,1.63,9.11,9.89,79.16,61357431,0.851,Developed
75,2002,France,1.12,24275.24,0.39,1.92,9.17,10.22,79.26,61805267,0.852,Developed
85,2003,France,0.82,29691.18,0.11,2.11,8.79,10.43,79.11,62244884,0.857,Developed
95,2004,France,2.79,33874.74,2.03,2.13,9.4,10.53,80.16,62704897,0.86,Developed
105,2005,France,1.61,34879.73,0.84,1.74,8.95,10.6,80.16,63179356,0.87,Developed
115,2006,France,2.37,36544.51,1.66,1.68,8.94,10.53,80.81,63621376,0.873,Developed
125,2007,France,2.36,41600.58,1.73,1.49,8.05,10.45,81.11,64016229,0.877,Developed
135,2008,France,0.2,45413.07,-0.36,2.81,7.48,10.57,81.21,64374990,0.879,Developed
145,2009,France,-2.94,41631.13,-3.44,0.09,9.15,11.28,81.41,64707044,0.879,Developed
155,2010,France,1.97,40703.34,1.46,1.53,9.3,11.2,81.66,65027512,0.882,Developed
165,2011,France,2.08,43810.2,1.59,2.12,9.25,11.33,82.11,65342776,0.885,Developed
175,2012,France,0.18,40838.02,-0.3,1.96,9.81,11.44,81.97,65659790,0.887,Developed
185,2013,France,0.58,42554.12,0.06,0.86,10.35,11.56,82.22,65998570,0.89,Developed
195,2014,France,0.95,42955.24,0.44,0.51,10.31,11.54,82.67,66331957,0.894,Developed
205,2015,France,1.07,36526.77,0.62,0.04,10.36,11.57,82.67,66624068,0.897,Developed
6,1995,Italy,2.89,20596.39,2.89,5.24,11.67,7.1,78.17,56844303,0.799,Developed
16,1996,Italy,1.29,23020.1,1.26,3.97,11.87,7.19,78.52,56860281,0.805,Developed
26,1997,Italy,1.84,21779.62,1.78,2.04,12.0,7.47,78.82,56890372,0.812,Developed
36,1998,Italy,1.62,22252.36,1.59,1.96,12.12,7.55,78.98,56906744,0.818,Developed
46,1999,Italy,1.56,21936.82,1.54,1.66,11.69,7.63,79.42,56916317,0.823,Developed
56,2000,Italy,3.71,20051.24,3.66,2.52,10.84,7.91,79.78,56942108,0.828,Developed
66,2001,Italy,1.77,20400.81,1.72,2.79,9.6,8.11,80.13,56974100,0.836,Developed
76,2002,Italy,0.25,22196.51,0.1,2.46,9.21,8.23,80.23,57059007,0.841,Developed
86,2003,Italy,0.15,27387.23,-0.29,2.68,8.87,8.17,79.98,57313203,0.846,Developed
96,2004,Italy,1.58,31174.56,0.93,2.22,7.87,8.49,80.78,57685327,0.851,Developed
106,2005,Italy,0.95,31959.26,0.45,2.0,7.73,8.71,80.78,57969484,0.856,Developed
116,2006,Italy,2.01,33410.75,1.7,2.07,6.78,8.82,81.28,58143979,0.862,Developed
126,2007,Italy,1.47,37698.79,0.96,1.82,6.07,8.48,81.43,58438310,0.866,Developed
136,2008,Italy,-1.05,40640.18,-1.7,3.38,6.72,8.89,81.49,58826731,0.868,Developed
146,2009,Italy,-5.48,36976.85,-5.91,0.75,7.75,9.41,81.64,59095365,0.869,Developed
156,2010,Italy,1.69,35849.37,1.37,1.54,8.36,9.42,82.04,59277417,0.872,Developed
166,2011,Italy,0.58,38334.68,0.4,2.74,8.36,9.27,82.19,59379449,0.877,Developed
176,2012,Italy,-2.82,34814.12,-3.08,3.04,10.65,9.28,82.24,59539717,0.876,Developed
186,2013,Italy,-1.73,35370.27,-2.86,1.22,12.15,9.22,82.69,60233948,0.877,Developed
196,2014,Italy,0.11,35396.67,-0.8,0.24,12.68,9.25,83.09,60789140,0.881,Developed
206,2015,Italy,0.78,30049.15,0.88,0.04,11.9,9.75,83.49,60730582,0.887,Developed
7,1995,Sweden,4.02,29914.33,3.48,2.53,8.9,7.96,78.74,8826939,0.856,Developed
17,1996,Sweden,1.52,32587.26,1.36,0.47,9.55,8.2,78.96,8840998,0.859,Developed
27,1997,Sweden,2.9,29897.79,2.84,0.52,10.36,8.03,79.2,8846062,0.862,Developed
37,1998,Sweden,4.23,30143.63,4.17,-0.14,8.94,8.12,79.34,8850974,0.867,Developed
47,1999,Sweden,4.53,30577.08,4.45,0.45,7.61,8.2,79.44,8857874,0.873,Developed
57,2000,Sweden,4.74,29283.01,4.57,1.04,5.47,8.18,79.64,8872109,0.877,Developed
67,2001,Sweden,1.56,26969.24,1.29,2.41,4.73,8.86,79.8,8895960,0.88,Developed
77,2002,Sweden,2.07,29571.7,1.74,2.16,4.97,9.23,79.85,8924958,0.882,Developed
87,2003,Sweden,2.39,36961.43,2.01,1.93,5.55,9.31,80.1,8958229,0.888,Developed
97,2004,Sweden,4.32,42442.22,3.91,0.37,6.69,9.09,80.5,8993531,0.89,Developed
107,2005,Sweden,2.82,43085.35,2.41,0.45,7.49,9.06,80.55,9029572,0.892,Developed
117,2006,Sweden,4.69,46256.47,4.1,1.36,7.07,8.95,80.75,9080505,0.895,Developed
127,2007,Sweden,3.4,53324.38,2.64,2.21,6.16,8.92,80.9,9148092,0.897,Developed
137,2008,Sweden,-0.56,55746.84,-1.33,3.44,6.24,9.23,81.1,9219637,0.898,Developed
147,2009,Sweden,-5.18,46207.06,-5.99,-0.49,8.35,9.94,81.35,9298515,0.895,Developed
157,2010,Sweden,5.99,52076.26,5.09,1.16,8.61,9.47,81.45,9378126,0.901,Developed
167,2011,Sweden,2.66,59593.29,1.89,2.96,7.8,11.7,81.8,9449213,0.903,Developed
177,2012,Sweden,-0.29,57134.08,-1.02,0.89,7.98,11.8,81.7,9519374,0.904,Developed
187,2013,Sweden,1.24,60283.25,0.39,-0.04,8.05,11.97,81.96,9600379,0.906,Developed
197,2014,Sweden,2.6,59180.2,1.59,-0.18,7.95,11.93,82.25,9696110,0.909,Developed
207,2015,Sweden,4.08,50585.26,2.99,-0.05,7.43,11.56,82.55,9799186,0.913,Developed
8,1995,Canada,2.68,20577.49,1.83,2.17,9.5,8.86,77.98,29354000,0.86,Developed
18,1996,Canada,1.61,21183.22,0.52,1.57,9.6,8.64,78.23,29671900,0.863,Developed
28,1997,Canada,4.28,21770.13,3.18,1.62,9.1,8.6,78.48,29987200,0.862,Developed
38,1998,Canada,3.88,20887.84,2.99,1.0,8.3,8.83,78.66,30247900,0.861,Developed
48,1999,Canada,5.16,22167.23,4.3,1.73,7.6,8.73,78.88,30499200,0.864,Developed
58,2000,Canada,5.18,24124.17,4.26,2.72,6.8,8.67,79.24,30769700,0.867,Developed
68,2001,Canada,1.77,23691.59,0.75,2.53,7.2,9.1,79.49,31081900,0.872,Developed
78,2002,Canada,3.01,24167.8,2.09,2.26,7.7,9.37,79.59,31362000,0.877,Developed
88,2003,Canada,1.8,28172.15,0.79,2.76,7.6,9.54,79.84,31676000,0.881,Developed
98,2004,Canada,3.09,31979.87,2.06,1.86,7.2,9.56,80.14,31995000,0.886,Developed
108,2005,Canada,3.2,36189.59,2.19,2.21,6.8,9.57,80.29,32312000,0.891,Developed
118,2006,Canada,2.62,40386.7,1.81,2.0,6.3,9.75,80.29,32570505,0.894,Developed
128,2007,Canada,2.06,44544.53,1.08,2.14,6.0,9.83,80.54,32887928,0.897,Developed
138,2008,Canada,1.0,46596.34,-0.09,2.37,6.1,10.03,80.7,33245773,0.898,Developed
148,2009,Canada,-2.95,40773.45,-4.05,0.3,8.3,11.17,80.95,33628571,0.898,Developed
158,2010,Canada,3.08,47447.48,1.94,1.78,8.1,11.2,81.2,34005274,0.903,Developed
168,2011,Canada,3.14,52082.21,2.13,2.91,7.5,10.82,81.45,34342780,0.907,Developed
178,2012,Canada,1.75,52496.69,0.55,1.52,7.3,10.78,81.58,34750545,0.909,Developed
188,2013,Canada,2.48,52413.72,1.29,0.94,7.1,10.67,81.77,35155451,0.912,Developed
198,2014,Canada,2.57,50440.43,1.44,1.91,6.9,10.45,81.95,35544564,0.919,Developed
208,2015,Canada,0.94,43315.7,0.09,1.13,6.9,11.15,82.13,35848610,0.92,Developed
9,1995,Austria,2.67,30252.79,2.51,2.25,4.35,9.55,76.67,7948278,0.816,Developed
19,1996,Austria,2.4,29742.43,2.26,1.84,5.28,9.53,76.87,7959017,0.819,Developed
29,1997,Austria,2.21,26646.88,2.09,1.31,5.15,9.83,77.32,7968041,0.823,Developed
39,1998,Austria,3.56,27289.63,3.45,0.92,5.52,10.0,77.67,7976789,0.833,Developed
49,1999,Austria,3.59,27116.68,3.39,0.56,4.7,10.19,77.88,7992324,0.833,Developed
59,2000,Austria,3.37,24517.27,3.12,2.4,4.69,10.06,78.13,8011566,0.837,Developed
69,2001,Austria,1.35,24489.74,0.96,2.66,4.01,10.12,78.58,8042293,0.847,Developed
79,2002,Austria,1.66,26351.38,1.16,1.8,4.85,10.27,78.68,8081957,0.837,Developed
89,2003,Austria,0.76,32102.93,0.27,1.36,4.78,10.48,78.63,8121423,0.841,Developed
99,2004,Austria,2.71,36693.4,2.07,2.06,5.83,10.56,79.18,8171966,0.848,Developed
109,2005,Austria,2.14,38242.04,1.45,2.3,5.63,10.53,79.33,8227829,0.854,Developed
119,2006,Austria,3.35,40430.99,2.84,1.45,5.24,10.35,79.88,8268641,0.86,Developed
129,2007,Austria,3.62,46586.65,3.29,2.17,4.86,10.4,80.18,8295487,0.864,Developed
139,2008,Austria,1.55,51386.38,1.23,3.22,4.13,10.6,80.43,8321496,0.87,Developed
149,2009,Austria,-3.8,47654.19,-4.05,0.51,5.3,11.19,80.33,8343323,0.872,Developed
159,2010,Austria,1.93,46657.06,1.68,1.81,4.82,11.17,80.58,8363404,0.88,Developed
169,2011,Austria,2.81,51126.74,2.46,3.27,4.56,10.94,80.98,8391643,0.884,Developed
179,2012,Austria,0.75,48333.57,0.29,2.49,4.86,11.17,80.94,8429991,0.887,Developed
189,2013,Austria,0.12,50504.72,-0.46,2.0,5.34,11.14,81.14,8479375,0.892,Developed
199,2014,Austria,0.64,51322.64,-0.09,1.61,5.62,11.21,81.49,8541575,0.892,Developed
209,2015,Austria,0.96,43665.01,-0.11,0.9,5.72,11.38,81.84,8633169,0.893,Developed
