,Year,Country Name,GDP Growth (%),GDP per capita (US$),GDP per capita growth (%),Inflation (%),Unemployment (%),Health expenditure (% of GDP),Life expectancy (years),Population,HDI,Status
0,1995,Egypt,4.64,944.2,2.64,15.74,11.3,3.54,66.76,63714386.0,0.577,Developing
6,1995,Mexico,-5.76,3655.6,-7.46,35.0,6.89,5.06,72.74,94045579.0,0.67,Developing
4,1995,Brazil,4.42,4840.79,2.75,66.01,9.91,6.51,67.6,162296612.0,0.649,Developing
3,1995,Iran,2.4,1591.72,0.96,49.66,11.74,3.74,68.31,60575644.0,0.634,Developing
8,1995,Morocco,-5.41,1428.07,-6.85,6.12,22.9,3.55,66.78,27075232.0,0.489,Developing
9,1995,Thailand,8.12,2845.41,7.05,5.82,1.14,3.53,70.2,59491790.0,0.611,Developing
1,1995,Turkey,7.88,2897.87,6.18,88.11,7.64,2.51,66.98,58486381.0,0.604,Developing
5,1995,South Africa,3.12,3752.65,0.95,8.68,16.9,8.28,61.27,41426810.0,0.653,Developing
7,1995,China,10.95,609.66,9.75,16.9,4.55,3.53,70.21,1204855000.0,0.547,Developing
0,1995,Norway,4.15,34875.2,3.61,2.46,6.31,7.72,77.74,4359184.0,0.883,Developed
2,1995,Germany,1.74,31729.7,1.44,1.72,8.16,9.43,76.42,81678051.0,0.834,Developed
3,1995,Switzerland,0.48,48540.58,-0.19,1.8,3.33,9.33,78.42,7040687.0,0.846,Developed
4,1995,United States,2.72,28782.18,1.5,2.81,5.6,13.09,75.62,266278000.0,0.877,Developed
5,1995,France,2.09,27037.97,1.72,1.78,12.04,10.11,77.75,59541900.0,0.825,Developed
6,1995,Italy,2.89,20596.39,2.89,5.24,11.67,7.1,78.17,56844303.0,0.799,Developed
7,1995,Sweden,4.02,29914.33,3.48,2.53,8.9,7.96,78.74,8826939.0,0.856,Developed
8,1995,Canada,2.68,20577.49,1.83,2.17,9.5,8.86,77.98,29354000.0,0.86,Developed
1,1995,Australia,3.89,20384.67,2.64,4.64,8.47,7.26,77.83,18072000.0,0.885,Developed
2,1995,India,7.57,370.1,5.53,10.22,3.97,4.02,60.42,960482795.0,0.46,Developing
9,1995,Austria,2.67,30252.79,2.51,2.25,4.35,9.55,76.67,7948278.0,0.816,Developed
15,1996,South Africa,4.31,3496.97,2.37,7.35,21.0,8.47,60.53,42210216.0,0.651,Developing
18,1996,Morocco,12.37,1556.79,10.78,2.99,18.1,3.49,67.12,27460603.0,0.499,Developing
14,1996,Brazil,2.21,5156.81,0.59,15.76,11.2,6.71,68.1,164913306.0,0.656,Developing
19,1996,Thailand,5.65,3042.9,4.49,5.81,1.07,3.84,70.23,60151472.0,0.619,Developing
11,1996,Turkey,7.38,3053.95,5.69,80.35,6.63,2.9,67.59,59423208.0,0.613,Developing
19,1996,Austria,2.4,29742.43,2.26,1.84,5.28,9.53,76.87,7959017.0,0.819,Developed
18,1996,Canada,1.61,21183.22,0.52,1.57,9.6,8.64,78.23,29671900.0,0.863,Developed
16,1996,Mexico,5.87,4153.15,4.06,34.38,5.25,4.59,73.1,95687452.0,0.676,Developing
10,1996,Egypt,4.99,1041.52,3.02,7.19,9.0,3.9,67.23,64933456.0,0.585,Developing
10,1996,Norway,5.03,37321.44,4.5,1.26,5.04,7.67,78.15,4381336.0,0.888,Developed
12,1996,Germany,0.82,30564.25,0.53,1.45,8.82,9.91,76.67,81914831.0,0.84,Developed
13,1996,Switzerland,0.6,46610.06,0.16,0.82,3.7,9.72,78.9,7071850.0,0.853,Developed
17,1996,China,9.93,709.41,8.78,8.32,4.59,3.79,70.48,1217550000.0,0.557,Developing
14,1996,United States,3.8,30068.23,2.6,2.93,5.4,13.04,76.03,269394000.0,0.878,Developed
15,1996,France,1.39,27015.26,1.03,2.0,12.85,10.11,77.95,59753098.0,0.83,Developed
11,1996,Australia,3.95,21944.16,2.59,2.61,8.51,7.44,78.08,18311000.0,0.888,Developed
13,1996,Iran,6.35,1955.15,4.61,28.94,12.77,3.64,68.72,61583089.0,0.642,Developing
16,1996,Italy,1.29,23020.1,1.26,3.97,11.87,7.19,78.52,56860281.0,0.805,Developed
12,1996,India,7.55,396.01,5.53,8.98,3.95,3.9,60.89,978893217.0,0.468,Developing
17,1996,Sweden,1.52,32587.26,1.36,0.47,9.55,8.2,78.96,8840998.0,0.859,Developed
20,1997,Norway,5.28,36628.52,4.72,2.58,4.69,8.24,78.14,4405157.0,0.895,Developed
29,1997,Austria,2.21,26646.88,2.09,1.31,5.15,9.83,77.32,7968041.0,0.823,Developed
20,1997,Egypt,5.49,1185.72,3.55,4.63,8.4,4.61,67.66,66151117.0,0.592,Developing
25,1997,South Africa,2.65,3555.0,0.95,8.6,22.9,8.59,59.62,42921506.0,0.647,Developing
28,1997,Canada,4.28,21770.13,3.18,1.62,9.1,8.6,78.48,29987200.0,0.862,Developed
21,1997,Turkey,7.58,3144.39,5.89,85.73,6.84,3.13,68.2,60372499.0,0.621,Developing
29,1997,Thailand,-2.75,2467.49,-3.89,5.63,0.87,4.0,70.28,60863506.0,0.625,Developing
22,1997,India,4.05,411.39,2.12,7.16,4.39,4.25,61.34,997405318.0,0.474,Developing
24,1997,Brazil,3.4,5271.41,1.77,6.93,11.58,6.69,68.61,167545164.0,0.664,Developing
28,1997,Morocco,-1.56,1393.22,-2.87,1.04,16.9,3.71,67.46,27825901.0,0.503,Developing
27,1997,Sweden,2.9,29897.79,2.84,0.52,10.36,8.03,79.2,8846062.0,0.862,Developed
23,1997,Iran,1.35,1816.59,-0.47,17.35,11.72,4.0,69.08,62710557.0,0.648,Developing
21,1997,Australia,3.95,23551.22,2.79,0.25,8.36,7.5,78.48,18517000.0,0.891,Developed
25,1997,France,2.34,24359.43,1.98,1.22,13.06,9.98,78.3,59964845.0,0.834,Developed
26,1997,Mexico,6.96,4939.82,5.21,20.63,4.05,4.72,73.44,97281739.0,0.683,Developing
22,1997,Germany,1.85,27045.72,1.7,1.88,9.86,10.03,77.07,82034771.0,0.845,Developed
24,1997,United States,4.49,31572.69,3.24,2.34,4.9,12.96,76.43,272657000.0,0.881,Developed
23,1997,Switzerland,2.31,40429.94,2.07,0.52,4.2,9.67,79.08,7088906.0,0.863,Developed
26,1997,Italy,1.84,21779.62,1.78,2.04,12.0,7.47,78.82,56890372.0,0.812,Developed
27,1997,China,9.23,781.74,8.12,2.81,4.6,4.02,70.8,1230075000.0,0.565,Developing
33,1998,Iran,2.08,1725.76,0.18,17.87,11.69,4.4,69.42,63900630.0,0.654,Developing
38,1998,Morocco,7.24,1469.03,5.88,2.75,19.12,3.92,67.82,28175263.0,0.51,Developing
34,1998,Brazil,0.34,5075.63,-1.21,3.2,14.74,6.56,69.1,170170640.0,0.671,Developing
34,1998,United States,4.45,32949.2,3.24,1.55,4.5,12.99,76.58,275854000.0,0.884,Developed
39,1998,Thailand,-7.63,1845.47,-8.73,7.99,3.4,3.74,70.36,61597283.0,0.63,Developing
32,1998,India,6.18,409.19,4.24,13.23,4.12,4.3,61.78,1015974042.0,0.481,Developing
30,1998,Egypt,4.04,1259.0,2.14,3.87,8.03,4.93,68.04,67378056.0,0.593,Developing
31,1998,Turkey,2.31,4496.5,0.71,84.64,6.89,3.59,68.81,61329590.0,0.632,Developing
37,1998,Sweden,4.23,30143.63,4.17,-0.14,8.94,8.12,79.34,8850974.0,0.867,Developed
37,1998,China,7.84,828.58,6.81,-0.84,4.73,4.33,71.16,1241935000.0,0.574,Developing
38,1998,Canada,3.88,20887.84,2.99,1.0,8.3,8.83,78.66,30247900.0,0.861,Developed
31,1998,Australia,4.44,21365.98,3.36,0.85,7.68,7.66,78.63,18711000.0,0.894,Developed
33,1998,Switzerland,2.94,41487.69,2.64,0.02,3.6,9.85,79.32,7110001.0,0.872,Developed
36,1998,Mexico,4.7,5079.97,3.07,15.93,3.57,4.8,73.75,98821456.0,0.689,Developing
35,1998,France,3.56,25101.37,3.18,0.6,12.61,9.86,78.6,60186291.0,0.839,Developed
39,1998,Austria,3.56,27289.63,3.45,0.92,5.52,10.0,77.67,7976789.0,0.833,Developed
32,1998,Germany,1.98,27340.67,1.96,0.94,9.79,10.05,77.48,82047195.0,0.85,Developed
36,1998,Italy,1.62,22252.36,1.59,1.96,12.12,7.55,78.98,56906744.0,0.818,Developed
35,1998,South Africa,0.52,3161.12,-1.01,6.88,25.0,8.49,58.59,43584030.0,0.641,Developing
30,1998,Norway,2.62,34788.78,2.02,2.26,3.74,9.07,78.33,4431464.0,0.906,Developed
45,1999,South Africa,2.36,3088.86,0.85,5.18,25.4,8.51,57.48,44233730.0,0.635,Developing
43,1999,Iran,2.0,1749.83,0.18,20.07,11.65,4.39,69.77,65062660.0,0.66,Developing
45,1999,France,3.41,24799.3,2.88,0.53,12.51,9.86,78.76,60496715.0,0.844,Developed
40,1999,Egypt,6.11,1321.8,4.17,3.08,7.95,5.26,68.34,68626664.0,0.606,Developing
40,1999,Norway,2.01,36371.4,1.32,2.33,3.25,9.14,78.28,4461913.0,0.911,Developed
44,1999,United States,4.69,34620.93,3.49,2.19,4.2,12.99,76.58,279040000.0,0.885,Developed
49,1999,Austria,3.59,27116.68,3.39,0.56,4.7,10.19,77.88,7992324.0,0.833,Developed
42,1999,Germany,1.99,26795.99,1.92,0.57,8.85,10.05,77.73,82100243.0,0.855,Developed
49,1999,Thailand,4.57,2032.99,3.38,0.28,2.96,3.5,70.48,62306651.0,0.64,Developing
48,1999,Canada,5.16,22167.23,4.3,1.73,7.6,8.73,78.88,30499200.0,0.864,Developed
46,1999,Italy,1.56,21936.82,1.54,1.66,11.69,7.63,79.42,56916317.0,0.823,Developed
41,1999,Turkey,-3.39,4108.13,-4.87,64.87,7.69,4.77,69.42,62287326.0,0.641,Developing
43,1999,Switzerland,1.64,40577.34,1.16,0.82,3.14,10.0,79.58,7143991.0,0.879,Developed
48,1999,Morocco,1.08,1444.99,-0.16,0.68,13.94,3.99,68.21,28514798.0,0.519,Developing
41,1999,Australia,5.01,20561.48,3.81,1.47,6.87,7.79,78.93,18926000.0,0.897,Developed
47,1999,Sweden,4.53,30577.08,4.45,0.45,7.61,8.2,79.44,8857874.0,0.873,Developed
42,1999,India,8.85,437.59,6.89,4.67,4.22,4.03,62.19,1034539214.0,0.489,Developing
44,1999,Brazil,0.47,3469.5,-1.04,4.86,14.67,6.91,69.57,172759243.0,0.677,Developing
47,1999,China,7.67,873.29,6.74,-1.41,4.7,4.49,71.57,1252735000.0,0.583,Developing
46,1999,Mexico,2.67,5777.23,1.15,16.59,2.49,5.01,74.04,100300579.0,0.694,Developing
53,2000,Switzerland,3.95,37813.23,3.36,1.54,2.67,9.91,79.68,7184250.0,0.888,Developed
54,2000,Brazil,4.11,3739.12,2.61,7.04,13.98,7.03,70.02,175287587.0,0.685,Developing
50,2000,Norway,3.21,38146.72,2.54,3.09,3.46,8.27,78.63,4490967.0,0.917,Developed
56,2000,Italy,3.71,20051.24,3.66,2.52,10.84,7.91,79.78,56942108.0,0.828,Developed
58,2000,Morocco,1.91,1332.38,0.68,1.89,13.6,4.18,68.65,28849621.0,0.53,Developing
57,2000,China,8.49,959.37,7.64,0.26,4.53,4.6,72.0,1262645000.0,0.592,Developing
50,2000,Egypt,5.37,1428.18,3.44,2.68,9.0,5.55,68.59,69905988.0,0.612,Developing
55,2000,France,3.88,22465.64,3.17,1.7,10.74,9.77,79.06,60912498.0,0.849,Developed
59,2000,Austria,3.37,24517.27,3.12,2.4,4.69,10.06,78.13,8011566.0,0.837,Developed
54,2000,United States,4.09,36449.86,2.94,3.38,4.0,13.07,76.64,282162411.0,0.884,Developed
59,2000,Thailand,4.46,2007.56,3.37,1.59,2.39,3.4,70.63,62958021.0,0.649,Developing
52,2000,Germany,2.96,23718.75,2.82,1.47,7.92,10.1,77.93,82211508.0,0.86,Developed
58,2000,Canada,5.18,24124.17,4.26,2.72,6.8,8.67,79.24,30769700.0,0.867,Developed
51,2000,Australia,3.87,21690.92,2.64,4.48,6.28,8.08,79.23,19153000.0,0.899,Developed
51,2000,Turkey,6.64,4316.55,5.03,54.92,6.49,4.95,70.0,63240121.0,0.653,Developing
55,2000,South Africa,4.15,3037.23,2.62,5.34,26.7,8.07,56.37,44896856.0,0.629,Developing
57,2000,Sweden,4.74,29283.01,4.57,1.04,5.47,8.18,79.64,8872109.0,0.877,Developed
56,2000,Mexico,5.3,6720.9,3.83,9.5,2.56,4.98,74.3,101719673.0,0.7,Developing
52,2000,India,3.84,438.86,2.02,4.01,4.31,4.26,62.59,1053050912.0,0.494,Developing
53,2000,Iran,5.85,1657.17,4.13,14.48,11.78,4.47,70.14,66131854.0,0.666,Developing
64,2001,Brazil,1.39,3146.95,-0.02,6.84,12.54,7.19,70.44,177750670.0,0.692,Developing
63,2001,Switzerland,1.45,38538.64,0.81,0.99,2.49,10.28,80.18,7229854.0,0.89,Developed
66,2001,Mexico,-0.61,7031.38,-1.9,6.36,2.54,5.35,74.53,103067068.0,0.703,Developing
65,2001,France,1.95,22527.32,1.22,1.63,9.11,9.89,79.16,61357431.0,0.851,Developed
67,2001,China,8.34,1053.11,7.56,0.72,4.53,4.56,72.44,1271850000.0,0.6,Developing
65,2001,South Africa,2.74,2681.71,1.79,5.7,26.2,8.31,55.29,45312937.0,0.62,Developing
68,2001,Morocco,7.32,1336.78,6.03,0.62,12.46,4.44,69.14,29181832.0,0.54,Developing
68,2001,Canada,1.77,23691.59,0.75,2.53,7.2,9.1,79.49,31081900.0,0.872,Developed
60,2001,Egypt,3.54,1370.72,1.62,2.27,9.26,5.75,68.78,71226940.0,0.617,Developing
62,2001,India,4.82,447.01,3.02,3.68,3.78,4.5,62.99,1071477855.0,0.499,Developing
67,2001,Sweden,1.56,26969.24,1.29,2.41,4.73,8.86,79.8,8895960.0,0.88,Developed
64,2001,United States,0.98,37273.62,-0.02,2.83,4.7,13.73,76.84,284968955.0,0.887,Developed
61,2001,Australia,1.93,19517.84,0.56,4.38,6.74,8.18,79.63,19413000.0,0.902,Developed
62,2001,Germany,1.7,23687.32,1.52,1.98,7.77,10.15,78.33,82349925.0,0.867,Developed
61,2001,Turkey,-5.96,3119.64,-7.36,54.4,8.38,5.16,70.56,64191474.0,0.658,Developing
69,2001,Thailand,3.44,1893.15,2.49,1.63,2.6,3.32,70.84,63543322.0,0.657,Developing
63,2001,Iran,2.39,1890.99,0.92,11.27,12.31,5.02,70.52,67096414.0,0.674,Developing
69,2001,Austria,1.35,24489.74,0.96,2.66,4.01,10.12,78.58,8042293.0,0.847,Developed
60,2001,Norway,2.09,38549.59,1.57,3.02,3.74,8.65,78.79,4513751.0,0.916,Developed
66,2001,Italy,1.77,20400.81,1.72,2.79,9.6,8.11,80.13,56974100.0,0.836,Developed
75,2002,France,1.12,24275.24,0.39,1.92,9.17,10.22,79.26,61805267.0,0.852,Developed
76,2002,Mexico,0.13,7106.08,-1.1,5.03,2.86,5.52,74.74,104355608.0,0.708,Developing
75,2002,South Africa,3.67,2518.4,2.44,9.16,26.6,8.09,54.31,45855482.88,0.613,Developing
71,2002,Turkey,6.43,3660.01,4.88,44.96,10.36,5.36,71.08,65143054.0,0.668,Developing
79,2002,Thailand,6.15,2096.05,5.27,0.7,1.76,3.7,71.11,64073164.0,0.666,Developing
74,2002,United States,1.79,38166.04,0.85,1.59,5.8,14.55,76.94,287625193.0,0.889,Developed
76,2002,Italy,0.25,22196.51,0.1,2.46,9.21,8.23,80.23,57059007.0,0.841,Developed
72,2002,Germany,0.0,25205.16,-0.17,1.42,8.48,10.4,78.23,82488495.0,0.872,Developed
79,2002,Austria,1.66,26351.38,1.16,1.8,4.85,10.27,78.68,8081957.0,0.837,Developed
78,2002,Canada,3.01,24167.8,2.09,2.26,7.7,9.37,79.59,31362000.0,0.877,Developed
71,2002,Australia,3.85,20081.82,2.59,3.0,6.37,8.39,79.94,19651400.0,0.905,Developed
70,2002,Norway,1.44,43061.15,0.89,1.29,4.02,9.62,78.99,4538159.0,0.918,Developed
74,2002,Brazil,3.05,2819.65,1.68,8.45,13.04,7.13,70.85,180151021.0,0.699,Developing
73,2002,Iran,8.08,1892.04,6.67,14.34,12.8,5.39,70.9,67983330.0,0.679,Developing
77,2002,China,9.13,1148.51,8.4,-0.77,4.41,4.79,72.87,1280400000.0,0.61,Developing
70,2002,Egypt,2.37,1210.23,0.45,2.74,10.01,5.97,68.95,72590118.0,0.621,Developing
78,2002,Morocco,3.12,1413.76,1.89,2.8,11.59,5.31,69.67,29512368.0,0.551,Developing
73,2002,Switzerland,0.14,41336.72,-0.61,0.64,2.92,10.61,80.39,7284753.0,0.889,Developed
77,2002,Sweden,2.07,29571.7,1.74,2.16,4.97,9.23,79.85,8924958.0,0.882,Developed
72,2002,India,3.8,466.2,2.06,4.39,4.32,4.4,63.37,1089807112.0,0.505,Developing
81,2003,Australia,3.07,23465.39,1.8,2.77,5.93,8.32,80.24,19895400.0,0.908,Developed
87,2003,China,10.04,1288.64,9.35,1.16,4.3,4.82,73.29,1288400000.0,0.622,Developing
85,2003,South Africa,2.95,3775.61,1.7,5.86,27.14,8.26,53.49,46418193.9,0.611,Developing
80,2003,Norway,0.92,50111.65,0.33,2.48,4.22,9.85,79.39,4564855.0,0.924,Developed
80,2003,Egypt,3.19,1120.87,1.25,4.51,11.0,5.41,69.1,73981942.0,0.623,Developing
82,2003,Germany,-0.71,30359.95,-0.76,1.03,9.78,10.62,78.38,82534176.0,0.877,Developed
86,2003,Mexico,1.42,6752.0,0.19,4.55,2.96,6.02,74.94,105640453.0,0.714,Developing
83,2003,Switzerland,0.05,47960.56,-0.69,0.64,4.12,10.93,80.54,7339001.0,0.895,Developed
81,2003,Turkey,5.61,4718.5,4.1,25.3,10.54,5.34,71.57,66085803.0,0.675,Developing
84,2003,United States,2.81,39677.2,1.93,2.27,6.0,15.06,77.04,290107933.0,0.892,Developed
89,2003,Austria,0.76,32102.93,0.27,1.36,4.78,10.48,78.63,8121423.0,0.841,Developed
89,2003,Thailand,7.19,2358.93,6.39,1.8,1.54,3.58,71.41,64554952.0,0.674,Developing
88,2003,Morocco,5.96,1721.97,4.7,1.17,11.92,5.25,70.23,29843937.0,0.561,Developing
85,2003,France,0.82,29691.18,0.11,2.11,8.79,10.43,79.11,62244884.0,0.857,Developed
82,2003,India,7.86,541.14,6.09,3.81,3.93,4.3,63.76,1108027848.0,0.518,Developing
88,2003,Canada,1.8,28172.15,0.79,2.76,7.6,9.54,79.84,31676000.0,0.881,Developed
87,2003,Sweden,2.39,36961.43,2.01,1.93,5.55,9.31,80.1,8958229.0,0.888,Developed
86,2003,Italy,0.15,27387.23,-0.29,2.68,8.87,8.17,79.98,57313203.0,0.846,Developed
84,2003,Brazil,1.14,3059.59,-0.15,14.72,13.68,6.94,71.24,182482149.0,0.695,Developing
83,2003,Iran,8.64,2231.34,7.33,16.47,12.19,5.42,71.25,68812713.0,0.686,Developing
90,2004,Norway,3.96,57570.27,3.35,0.47,4.26,9.44,79.84,4591910.0,0.929,Developed
95,2004,France,2.79,33874.74,2.03,2.13,9.4,10.53,80.16,62704897.0,0.86,Developed
96,2004,Italy,1.58,31174.56,0.93,2.22,7.87,8.49,80.78,57685327.0,0.851,Developed
95,2004,South Africa,4.55,4863.52,3.26,1.39,24.67,7.93,52.88,47001700.99,0.609,Developing
98,2004,Canada,3.09,31979.87,2.06,1.86,7.2,9.56,80.14,31995000.0,0.886,Developed
93,2004,Switzerland,2.84,53255.98,2.14,0.8,4.32,10.96,81.09,7389625.0,0.899,Developed
92,2004,India,7.92,621.32,6.19,3.77,3.89,4.22,64.16,1126135777.0,0.526,Developing
90,2004,Egypt,4.09,1045.94,2.16,11.27,10.3,5.21,69.26,75381899.0,0.629,Developing
99,2004,Thailand,6.29,2659.84,5.56,2.76,1.51,3.51,71.76,65002231.0,0.682,Developing
96,2004,Mexico,4.3,7199.06,2.97,4.69,3.66,6.11,75.12,106995583.0,0.719,Developing
94,2004,United States,3.79,41921.81,2.83,2.68,5.5,15.14,77.49,292805298.0,0.895,Developed
94,2004,Brazil,5.76,3623.05,4.47,6.6,12.87,7.07,71.62,184738458.0,0.694,Developing
92,2004,Germany,1.17,34165.93,1.19,1.67,10.73,10.37,78.68,82516260.0,0.884,Developed
91,2004,Australia,4.15,30472.38,2.95,2.34,5.39,8.57,80.49,20127400.0,0.91,Developed
93,2004,Iran,4.34,2638.68,3.13,14.76,10.3,5.89,71.59,69617100.0,0.687,Developing
99,2004,Austria,2.71,36693.4,2.07,2.06,5.83,10.56,79.18,8171966.0,0.848,Developed
97,2004,Sweden,4.32,42442.22,3.91,0.37,6.69,9.09,80.5,8993531.0,0.89,Developed
98,2004,Morocco,4.8,1948.81,3.56,1.49,10.83,5.22,70.81,30179285.0,0.569,Developing
91,2004,Turkey,9.64,6040.73,8.14,10.58,10.84,5.37,72.03,67007855.0,0.681,Developing
97,2004,China,10.11,1508.67,9.46,3.88,4.3,4.72,73.67,1296075000.0,0.634,Developing
107,2005,China,11.4,1753.42,10.74,1.82,4.14,4.66,74.02,1303720000.0,0.646,Developing
101,2005,Australia,3.2,34016.71,1.85,2.67,5.03,8.45,80.84,20394800.0,0.915,Developed
108,2005,Canada,3.2,36189.59,2.19,2.21,6.8,9.57,80.29,32312000.0,0.891,Developed
100,2005,Norway,2.62,66775.39,1.93,1.52,4.38,8.89,80.04,4623291.0,0.931,Developed
106,2005,Italy,0.95,31959.26,0.45,2.0,7.73,8.71,80.78,57969484.0,0.856,Developed
103,2005,Iran,4.21,3121.84,3.02,13.43,12.1,6.06,71.93,70421811.0,0.692,Developing
102,2005,Germany,0.71,34696.62,0.76,1.55,11.17,10.52,78.93,82469422.0,0.892,Developed
104,2005,Brazil,3.2,4770.18,2.0,6.87,11.37,8.27,71.99,186917361.0,0.698,Developing
108,2005,Morocco,3.29,2013.76,2.08,0.98,11.01,5.06,71.39,30521070.0,0.575,Developing
105,2005,South Africa,5.28,5414.63,3.94,3.4,23.84,7.77,52.56,47606670.24,0.609,Developing
102,2005,India,9.28,707.01,7.57,4.25,4.4,4.28,64.56,1144118674.0,0.536,Developing
106,2005,Mexico,3.03,7986.8,1.63,3.99,3.56,6.04,75.28,108472228.0,0.723,Developing
101,2005,Turkey,9.01,7384.35,7.57,10.14,10.64,5.45,72.45,67903406.0,0.687,Developing
107,2005,Sweden,2.82,43085.35,2.41,0.45,7.49,9.06,80.55,9029572.0,0.892,Developed
109,2005,Austria,2.14,38242.04,1.45,2.3,5.63,10.53,79.33,8227829.0,0.854,Developed
109,2005,Thailand,4.19,2893.65,3.51,4.54,1.35,3.55,72.13,65425470.0,0.686,Developing
105,2005,France,1.61,34879.73,0.84,1.74,8.95,10.6,80.16,63179356.0,0.87,Developed
100,2005,Egypt,4.48,1168.12,2.58,4.87,11.2,5.06,69.42,76778149.0,0.636,Developing
104,2005,United States,3.35,44307.92,2.4,3.39,5.1,15.15,77.49,295516599.0,0.898,Developed
103,2005,Switzerland,3.04,54797.55,2.38,1.17,4.44,10.86,81.24,7437115.0,0.904,Developed
114,2006,United States,2.67,46437.07,1.68,3.23,4.6,15.27,77.69,298379912.0,0.901,Developed
111,2006,Australia,2.98,36118.28,1.47,3.54,4.78,8.49,81.04,20697900.0,0.918,Developed
116,2006,Italy,2.01,33410.75,1.7,2.07,6.78,8.82,81.28,58143979.0,0.862,Developed
119,2006,Austria,3.35,40430.99,2.84,1.45,5.24,10.35,79.88,8268641.0,0.86,Developed
111,2006,Turkey,7.11,8034.87,5.77,9.6,8.72,5.81,72.83,68763405.0,0.697,Developing
117,2006,China,12.72,2099.23,12.09,1.46,4.0,4.52,74.32,1311020000.0,0.659,Developing
119,2006,Thailand,4.97,3368.95,4.33,4.64,1.22,3.49,72.51,65824164.0,0.687,Developing
118,2006,Canada,2.62,40386.7,1.81,2.0,6.3,9.75,80.29,32570505.0,0.894,Developed
117,2006,Sweden,4.69,46256.47,4.1,1.36,7.07,8.95,80.75,9080505.0,0.895,Developed
114,2006,Brazil,3.96,5860.15,2.81,4.18,11.49,8.36,72.35,189012412.0,0.7,Developing
118,2006,Morocco,7.57,2191.48,6.33,3.28,9.67,5.23,71.97,30869346.0,0.581,Developing
112,2006,India,9.26,792.03,7.58,6.15,4.33,4.25,64.97,1161977719.0,0.546,Developing
113,2006,Switzerland,4.01,57348.93,3.36,1.06,4.0,10.39,81.49,7483934.0,0.911,Developed
115,2006,South Africa,5.6,5631.7,4.23,4.64,22.61,7.57,52.6,48233804.48,0.612,Developing
115,2006,France,2.37,36544.51,1.66,1.68,8.94,10.53,80.81,63621376.0,0.873,Developed
110,2006,Norway,2.4,74114.7,1.57,2.33,3.4,8.43,80.34,4660677.0,0.934,Developed
110,2006,Egypt,6.85,1375.2,4.97,7.64,10.49,5.24,69.6,78159048.0,0.644,Developing
112,2006,Germany,3.7,36447.87,3.82,1.58,10.25,10.34,79.13,82376451.0,0.898,Developed
116,2006,Mexico,4.94,8767.92,3.4,3.63,3.57,5.83,75.44,110092378.0,0.731,Developing
113,2006,Iran,5.7,3631.24,4.51,11.94,11.3,5.95,72.28,71227880.0,0.704,Developing
126,2007,Italy,1.47,37698.79,0.96,1.82,6.07,8.48,81.43,58438310.0,0.866,Developed
127,2007,Sweden,3.4,53324.38,2.64,2.21,6.16,8.92,80.9,9148092.0,0.897,Developed
122,2007,Germany,3.26,41814.82,3.4,2.3,8.66,10.18,79.53,82266372.0,0.903,Developed
125,2007,France,2.36,41600.58,1.73,1.49,8.05,10.45,81.11,64016229.0,0.877,Developed
122,2007,India,9.8,1018.17,8.15,6.37,3.72,4.23,65.39,1179681239.0,0.556,Developing
123,2007,Switzerland,4.14,63223.47,3.21,0.73,3.65,10.21,81.74,7551117.0,0.914,Developed
124,2007,United States,1.78,48061.54,0.82,2.85,4.6,15.57,77.99,301231207.0,0.905,Developed
124,2007,Brazil,6.07,7313.56,4.95,3.64,10.86,8.28,72.71,191026637.0,0.704,Developing
125,2007,South Africa,5.36,6125.04,3.96,7.1,22.53,7.53,53.0,48883844.99,0.616,Developing
128,2007,Morocco,3.53,2494.35,2.33,2.04,9.8,5.48,72.52,31225881.0,0.589,Developing
129,2007,Thailand,5.44,3972.21,4.84,2.24,1.18,3.56,72.89,66195615.0,0.7,Developing
129,2007,Austria,3.62,46586.65,3.29,2.17,4.86,10.4,80.18,8295487.0,0.864,Developed
121,2007,Turkey,5.03,9709.49,3.77,8.76,8.87,6.04,73.18,69597281.0,0.705,Developing
120,2007,Egypt,7.09,1640.48,5.23,9.32,8.8,4.95,69.78,79537253.0,0.651,Developing
127,2007,China,14.23,2695.37,13.64,4.75,3.76,4.32,74.59,1317885000.0,0.672,Developing
126,2007,Mexico,3.2,9330.34,1.59,3.97,3.64,5.92,75.59,111836346.0,0.735,Developing
128,2007,Canada,2.06,44544.53,1.08,2.14,6.0,9.83,80.54,32887928.0,0.897,Developed
123,2007,Iran,9.12,4685.12,7.9,17.21,10.6,5.84,72.66,72031103.0,0.716,Developing
121,2007,Australia,3.75,40991.98,3.1,2.33,4.38,8.53,81.29,20827600.0,0.921,Developed
120,2007,Norway,2.93,85128.66,1.87,0.73,2.49,8.58,80.4,4709153.0,0.936,Developed
134,2008,United States,-0.29,48401.43,-1.23,3.84,5.8,16.02,78.04,304093966.0,0.907,Developed
136,2008,Mexico,1.4,9689.05,-0.23,5.12,3.9,6.06,75.74,113661809.0,0.738,Developing
138,2008,Morocco,5.92,2884.95,4.68,3.71,9.6,5.41,73.04,31596855.0,0.596,Developing
139,2008,Thailand,1.73,4378.69,1.19,5.47,1.18,3.92,73.25,66545760.0,0.706,Developing
136,2008,Italy,-1.05,40640.18,-1.7,3.38,6.72,8.89,81.49,58826731.0,0.868,Developed
139,2008,Austria,1.55,51386.38,1.23,3.22,4.13,10.6,80.43,8321496.0,0.87,Developed
135,2008,France,0.2,45413.07,-0.36,2.81,7.48,10.57,81.21,64374990.0,0.879,Developed
133,2008,Switzerland,2.28,72119.56,0.99,2.43,3.35,10.29,81.99,7647675.0,0.916,Developed
138,2008,Canada,1.0,46596.34,-0.09,2.37,6.1,10.03,80.7,33245773.0,0.898,Developed
135,2008,South Africa,3.19,5786.6,1.79,11.54,22.41,7.75,53.7,49557573.3,0.622,Developing
132,2008,India,3.89,991.48,2.38,8.35,4.15,4.34,65.81,1197146906.0,0.563,Developing
131,2008,Turkey,0.85,10850.69,-0.36,10.44,9.71,6.07,73.5,70440032.0,0.709,Developing
133,2008,Iran,0.92,5452.49,-0.2,25.55,10.48,6.28,73.07,72845542.0,0.728,Developing
137,2008,Sweden,-0.56,55746.84,-1.33,3.44,6.24,9.23,81.1,9219637.0,0.898,Developed
132,2008,Germany,1.08,45699.2,1.27,2.63,7.53,10.39,79.74,82110097.0,0.906,Developed
134,2008,Brazil,5.09,8787.61,4.03,5.66,9.57,8.24,73.07,192979029.0,0.714,Developing
137,2008,China,9.65,3471.25,9.09,5.86,4.36,4.59,74.84,1324655000.0,0.682,Developing
131,2008,Australia,3.7,49664.69,1.64,4.35,4.23,8.78,81.4,21249200.0,0.925,Developed
130,2008,Norway,0.38,96880.51,-0.86,3.77,2.55,8.4,80.59,4768212.0,0.936,Developed
130,2008,Egypt,7.16,2011.25,5.28,18.32,8.7,4.82,69.96,80953881.0,0.659,Developing
144,2009,United States,-2.78,47001.56,-3.62,-0.36,9.3,17.0,78.39,306771529.0,0.907,Developed
149,2009,Thailand,-0.69,4212.05,-1.19,-0.85,1.49,4.11,73.59,66881867.0,0.711,Developing
141,2009,Turkey,-4.7,9036.5,-5.91,6.25,12.55,6.08,73.81,71339185.0,0.715,Developing
147,2009,China,9.4,3838.43,8.86,-0.7,4.29,5.08,75.06,1331260000.0,0.691,Developing
146,2009,Mexico,-4.7,7748.12,-6.22,5.3,5.38,6.6,75.88,115505228.0,0.739,Developing
141,2009,Australia,1.81,42743.0,-0.26,1.82,5.56,9.05,81.54,21691700.0,0.927,Developed
144,2009,Brazil,-0.13,8553.38,-1.11,4.89,9.73,8.65,73.42,194895996.0,0.716,Developing
142,2009,India,8.48,1090.32,6.95,10.88,3.91,4.38,66.23,1214270132.0,0.569,Developing
140,2009,Norway,-1.62,80017.78,-2.86,2.17,3.1,9.49,80.8,4828726.0,0.936,Developed
140,2009,Egypt,4.67,2291.67,2.76,11.76,9.38,5.01,70.15,82465022.0,0.665,Developing
149,2009,Austria,-3.8,47654.19,-4.05,0.51,5.3,11.19,80.33,8343323.0,0.872,Developed
147,2009,Sweden,-5.18,46207.06,-5.99,-0.49,8.35,9.94,81.35,9298515.0,0.895,Developed
146,2009,Italy,-5.48,36976.85,-5.91,0.75,7.75,9.41,81.64,59095365.0,0.869,Developed
145,2009,France,-2.94,41631.13,-3.44,0.09,9.15,11.28,81.41,64707044.0,0.879,Developed
148,2009,Morocco,4.24,2861.55,2.96,0.99,9.1,5.67,73.51,31989897.0,0.603,Developing
143,2009,Switzerland,-2.13,69672.0,-3.34,-0.48,4.12,11.0,82.04,7743831.0,0.92,Developed
142,2009,Germany,-5.62,41732.71,-5.38,0.31,7.74,11.4,79.84,81902307.0,0.907,Developed
148,2009,Canada,-2.95,40773.45,-4.05,0.3,8.3,11.17,80.95,33628571.0,0.898,Developed
145,2009,South Africa,-1.54,5888.6,-2.91,7.13,23.52,8.39,54.68,50255813.11,0.63,Developing
143,2009,Iran,2.31,5414.46,1.15,13.5,11.97,7.63,73.51,73687565.0,0.735,Developing
154,2010,Brazil,7.53,11224.15,6.49,5.04,8.49,8.27,73.77,196796269.0,0.724,Developing
152,2010,India,10.26,1345.77,8.76,11.99,3.55,4.28,66.64,1230980691.0,0.58,Developing
157,2010,Sweden,5.99,52076.26,5.09,1.16,8.61,9.47,81.45,9378126.0,0.901,Developed
151,2010,Australia,2.01,51874.08,0.43,2.85,5.21,9.02,81.7,22031750.0,0.927,Developed
158,2010,Canada,3.08,47447.48,1.94,1.78,8.1,11.2,81.2,34005274.0,0.903,Developed
159,2010,Thailand,7.51,5075.3,6.99,3.25,1.04,3.81,73.89,67208808.0,0.72,Developing
158,2010,Morocco,3.82,2834.2,2.47,0.99,9.1,5.86,73.94,32409639.0,0.612,Developing
154,2010,United States,2.53,48373.88,1.68,1.64,9.6,17.02,78.54,309348193.0,0.91,Developed
151,2010,Turkey,8.49,10672.06,7.01,8.57,10.66,5.61,74.09,72326914.0,0.737,Developing
155,2010,South Africa,3.04,7362.76,1.58,4.26,24.69,8.5,55.87,50979432.36,0.638,Developing
156,2010,Mexico,5.11,8959.58,3.49,4.16,5.33,6.39,76.03,117318941.0,0.745,Developing
152,2010,Germany,4.08,41785.56,4.24,1.1,6.97,11.25,79.99,81776930.0,0.912,Developed
157,2010,China,10.64,4560.51,10.1,3.33,4.2,4.89,75.27,1337705000.0,0.7,Developing
155,2010,France,1.97,40703.34,1.46,1.53,9.3,11.2,81.66,65027512.0,0.882,Developed
150,2010,Egypt,5.15,2602.48,3.09,11.27,8.98,4.8,70.34,84107606.0,0.671,Developing
150,2010,Norway,0.6,87646.75,-0.64,2.4,3.52,9.26,81.0,4889252.0,0.939,Developed
156,2010,Italy,1.69,35849.37,1.37,1.54,8.36,9.42,82.04,59277417.0,0.872,Developed
153,2010,Switzerland,2.95,74276.72,1.89,0.7,4.54,11.07,82.25,7824909.0,0.932,Developed
153,2010,Iran,6.58,6273.38,5.32,10.14,13.52,8.02,73.96,74567511.0,0.745,Developing
159,2010,Austria,1.93,46657.06,1.68,1.81,4.82,11.17,80.58,8363404.0,0.88,Developed
165,2011,France,2.08,43810.2,1.59,2.12,9.25,11.33,82.11,65342776.0,0.885,Developed
168,2011,Morocco,5.25,3039.92,3.8,0.92,8.91,5.99,74.32,32858823.0,0.623,Developing
166,2011,Mexico,4.04,9834.47,2.5,3.41,5.19,6.04,76.19,119090017.0,0.748,Developing
164,2011,United States,1.6,49790.67,0.85,3.16,8.9,17.06,78.64,311663358.0,0.913,Developed
167,2011,Sweden,2.66,59593.29,1.89,2.96,7.8,11.7,81.8,9449213.0,0.903,Developed
160,2011,Norway,0.97,100574.99,-0.33,1.3,3.21,9.14,81.3,4953088.0,0.941,Developed
162,2011,Germany,3.66,46810.33,5.6,2.08,5.82,10.93,80.44,80274983.0,0.916,Developed
167,2011,China,9.54,5633.8,9.01,5.41,4.34,5.03,75.45,1344130000.0,0.703,Developing
164,2011,Brazil,3.97,13167.47,2.99,6.64,7.78,8.09,74.1,198686688.0,0.73,Developing
169,2011,Austria,2.81,51126.74,2.46,3.27,4.56,10.94,80.98,8391643.0,0.884,Developed
160,2011,Egypt,1.78,2747.48,-0.34,10.05,12.0,5.04,70.53,85897561.0,0.673,Developing
162,2011,India,6.64,1461.67,5.25,8.86,3.54,4.33,67.03,1247236029.0,0.59,Developing
163,2011,Iran,3.75,7842.43,2.48,20.63,12.3,7.12,74.39,75491582.0,0.755,Developing
163,2011,Switzerland,1.8,87998.44,0.68,0.23,4.04,11.21,82.7,7912398.0,0.932,Developed
166,2011,Italy,0.58,38334.68,0.4,2.74,8.36,9.27,82.19,59379449.0,0.877,Developed
161,2011,Turkey,11.11,11341.13,9.47,6.47,8.8,5.29,74.37,73409455.0,0.75,Developing
168,2011,Canada,3.14,52082.21,2.13,2.91,7.5,10.82,81.45,34342780.0,0.907,Developed
161,2011,Australia,2.37,62245.1,0.96,3.3,5.08,9.2,81.9,22340024.0,0.93,Developed
169,2011,Thailand,0.84,5491.16,0.36,3.81,0.66,4.12,74.17,67530130.0,0.729,Developing
165,2011,South Africa,3.28,8049.95,1.79,5.0,24.64,8.61,57.18,51729345.36,0.644,Developing
176,2012,Italy,-2.82,34814.12,-3.08,3.04,10.65,9.28,82.24,59539717.0,0.876,Developed
174,2012,Brazil,1.92,12291.47,0.97,5.4,7.35,8.26,74.41,200560983.0,0.734,Developing
171,2012,Australia,3.63,67677.63,1.86,1.76,5.22,9.36,82.05,22728254.0,0.933,Developed
175,2012,France,0.18,40838.02,-0.3,1.96,9.81,11.44,81.97,65659790.0,0.887,Developed
177,2012,Sweden,-0.29,57134.08,-1.02,0.89,7.98,11.8,81.7,9519374.0,0.904,Developed
170,2012,Norway,2.75,101563.7,1.41,0.71,3.12,9.16,81.45,5018573.0,0.942,Developed
172,2012,Germany,0.49,44065.25,0.3,2.01,5.38,10.99,80.54,80425823.0,0.919,Developed
177,2012,China,7.86,6337.88,7.33,2.64,4.47,5.26,75.63,1350695000.0,0.713,Developing
175,2012,South Africa,2.21,7548.16,0.7,5.65,24.73,8.79,58.52,52506515.08,0.652,Developing
171,2012,Turkey,4.79,11720.31,3.16,8.89,8.15,5.24,74.64,74569867.0,0.754,Developing
173,2012,Iran,-6.61,7680.6,-7.78,27.36,12.21,6.98,74.8,76453574.0,0.769,Developing
173,2012,Switzerland,1.05,83164.39,-0.02,-0.69,4.19,11.59,82.7,7996861.0,0.934,Developed
179,2012,Austria,0.75,48333.57,0.29,2.49,4.86,11.17,80.94,8429991.0,0.887,Developed
178,2012,Canada,1.75,52496.69,0.55,1.52,7.3,10.78,81.58,34750545.0,0.909,Developed
179,2012,Thailand,7.24,5859.92,6.75,3.02,0.58,4.17,74.42,67843979.0,0.733,Developing
174,2012,United States,2.22,51450.12,1.46,2.07,8.1,17.02,78.74,313998379.0,0.915,Developed
172,2012,India,5.46,1446.99,4.13,9.31,3.62,4.39,67.4,1263065852.0,0.599,Developing
176,2012,Mexico,4.02,9820.53,2.52,4.11,4.92,6.21,76.35,120828307.0,0.753,Developing
178,2012,Morocco,3.01,2904.75,1.54,1.28,8.99,6.15,74.66,33333789.0,0.634,Developing
170,2012,Egypt,2.22,3181.44,-0.01,7.12,12.67,5.29,70.73,87813257.0,0.681,Developing
188,2013,Canada,2.48,52413.72,1.29,0.94,7.1,10.67,81.77,35155451.0,0.912,Developed
187,2013,Sweden,1.24,60283.25,0.39,-0.04,8.05,11.97,81.96,9600379.0,0.906,Developed
189,2013,Austria,0.12,50504.72,-0.46,2.0,5.34,11.14,81.14,8479375.0,0.892,Developed
186,2013,Italy,-1.73,35370.27,-2.86,1.22,12.15,9.22,82.69,60233948.0,0.877,Developed
180,2013,Egypt,2.19,3213.39,-0.08,9.42,13.21,5.46,70.92,89807433.0,0.686,Developing
182,2013,India,6.39,1452.2,5.1,10.91,3.57,4.53,67.74,1278562207.0,0.607,Developing
187,2013,China,7.76,7077.77,7.23,2.63,4.54,5.39,75.8,1357380000.0,0.723,Developing
186,2013,Mexico,1.36,10298.87,-0.05,3.81,4.94,6.3,76.52,122535969.0,0.754,Developing
184,2013,Brazil,3.0,12216.9,2.06,6.2,7.13,8.48,74.7,202408632.0,0.747,Developing
183,2013,Iran,-1.91,6607.07,-3.16,39.27,10.4,6.49,75.17,77435384.0,0.77,Developing
188,2013,Morocco,4.54,3111.76,3.01,1.89,9.23,5.94,74.97,33824769.0,0.64,Developing
189,2013,Thailand,2.73,6171.26,2.28,2.18,0.77,4.0,74.65,68143065.0,0.737,Developing
185,2013,South Africa,2.49,6876.95,0.94,5.75,24.56,8.78,59.8,53311955.61,0.66,Developing
180,2013,Norway,1.0,102910.44,-0.22,2.13,3.42,9.39,81.75,5079623.0,0.945,Developed
181,2013,Turkey,8.49,12542.94,6.75,7.49,8.73,5.38,74.9,75787333.0,0.759,Developing
181,2013,Australia,2.57,67792.3,0.84,2.45,5.66,9.36,82.15,23117353.0,0.936,Developed
185,2013,France,0.58,42554.12,0.06,0.86,10.35,11.56,82.22,65998570.0,0.89,Developed
184,2013,United States,1.68,52787.03,0.97,1.46,7.4,16.9,78.74,316204908.0,0.916,Developed
182,2013,Germany,0.49,46530.91,0.22,1.5,5.23,11.16,80.49,80645605.0,0.92,Developed
183,2013,Switzerland,1.78,84658.89,0.62,-0.22,4.39,11.71,82.8,8089346.0,0.936,Developed
191,2014,Turkey,5.17,12127.23,3.47,8.85,9.88,5.41,75.15,77030628.0,0.764,Developing
198,2014,Canada,2.57,50440.43,1.44,1.91,6.9,10.45,81.95,35544564.0,0.919,Developed
195,2014,France,0.95,42955.24,0.44,0.51,10.31,11.54,82.67,66331957.0,0.894,Developed
197,2014,Sweden,2.6,59180.2,1.59,-0.18,7.95,11.93,82.25,9696110.0,0.909,Developed
192,2014,India,7.51,1573.12,6.23,6.65,3.53,4.69,68.05,1293859294.0,0.615,Developing
194,2014,United States,2.37,54598.55,1.61,1.62,6.2,17.14,78.74,318563456.0,0.918,Developed
197,2014,China,7.3,7683.5,6.76,2.0,4.59,5.55,75.96,1364270000.0,0.734,Developing
190,2014,Egypt,2.92,3327.75,0.67,10.15,13.17,5.64,71.11,91812566.0,0.688,Developing
196,2014,Mexico,2.27,10452.28,0.88,4.02,4.83,6.3,76.7,124221600.0,0.758,Developing
193,2014,Switzerland,2.0,85814.59,0.76,-0.01,4.54,11.66,83.2,8188649.0,0.938,Developed
194,2014,Brazil,0.5,12026.62,-0.38,6.33,6.81,8.32,74.96,204213133.0,0.754,Developing
190,2014,Norway,1.92,97005.5,0.78,2.03,3.48,9.72,82.1,5137232.0,0.948,Developed
193,2014,Iran,4.34,5424.31,3.04,17.24,10.57,6.89,75.48,78411092.0,0.774,Developing
192,2014,Germany,1.6,47902.65,1.17,0.91,4.98,11.3,81.09,80982500.0,0.924,Developed
198,2014,Morocco,2.55,3154.51,1.07,0.44,9.9,5.91,75.26,34318082.0,0.645,Developing
195,2014,South Africa,1.7,6479.63,0.13,6.07,24.89,8.8,60.95,54146734.74,0.665,Developing
199,2014,Thailand,0.91,5941.84,0.51,1.9,0.84,4.12,74.86,68416772.0,0.738,Developing
196,2014,Italy,0.11,35396.67,-0.8,0.24,12.68,9.25,83.09,60789140.0,0.881,Developed
191,2014,Australia,2.61,62214.61,1.11,2.49,6.07,9.42,82.3,23460694.0,0.937,Developed
199,2014,Austria,0.64,51322.64,-0.09,1.61,5.62,11.21,81.49,8541575.0,0.892,Developed
205,2015,South Africa,1.3,5769.77,-0.29,4.59,25.15,8.38,61.93,55011976.68,0.666,Developing
207,2015,Sweden,4.08,50585.26,2.99,-0.05,7.43,11.56,82.55,9799186.0,0.913,Developed
200,2015,Egypt,4.37,3547.71,2.18,10.36,12.84,5.51,71.3,93778172.0,0.691,Developing
202,2015,India,8.01,1613.19,6.76,4.91,3.49,4.51,68.33,1309053980.0,0.624,Developing
207,2015,China,6.9,8069.21,6.36,1.44,4.59,5.43,76.12,1371220000.0,0.738,Developing
206,2015,Mexico,2.63,9143.13,1.27,2.72,4.34,6.7,76.88,125890949.0,0.762,Developing
204,2015,Brazil,-3.77,8757.21,-4.59,9.03,8.52,8.83,75.2,205962108.0,0.754,Developing
203,2015,Iran,-1.5,4957.58,-2.68,13.71,11.06,7.81,75.74,79360487.0,0.774,Developing
208,2015,Morocco,4.51,2847.29,3.04,1.56,9.7,6.5,75.52,34803322.0,0.647,Developing
208,2015,Canada,0.94,43315.7,0.09,1.13,6.9,11.15,82.13,35848610.0,0.92,Developed
209,2015,Thailand,2.94,5814.86,2.58,-0.9,0.67,4.02,75.07,68657600.0,0.74,Developing
200,2015,Norway,1.61,74505.25,0.6,2.17,4.3,9.56,82.1,5188607.0,0.949,Developed
201,2015,Australia,2.42,56554.04,1.01,1.51,6.06,9.62,82.45,23789338.0,0.939,Developed
202,2015,Germany,1.72,41176.88,0.84,0.23,4.62,11.33,81.09,81686611.0,0.926,Developed
203,2015,Switzerland,0.84,80989.84,-0.3,-1.14,4.55,11.69,83.2,8282396.0,0.939,Developed
204,2015,United States,2.6,56207.04,1.85,0.12,5.3,17.86,78.74,320896618.0,0.92,Developed
205,2015,France,1.07,36526.77,0.62,0.04,10.36,11.57,82.67,66624068.0,0.897,Developed
206,2015,Italy,0.78,30049.15,0.88,0.04,11.9,9.75,83.49,60730582.0,0.887,Developed
201,2015,Turkey,6.06,10979.53,4.38,7.67,10.24,6.41,75.41,78271472.0,0.767,Developing
209,2015,Austria,0.96,43665.01,-0.11,0.9,5.72,11.38,81.84,8633169.0,0.893,Developed
